ir_L,ir_R,degree
0.0,0.0,0.0
15.9,5.4,44.96
22.3,4.7,45.9
24.1,4.5,46.41
25.5,4.3,46.32
28.1,4.2,47.72
30.1,4.1,72.47
29.2,4.2,91.36
22.1,4.6,96.23
18.3,5.2,96.35
15.0,5.3,96.02
13.0,5.7,82.94
10.5,6.6,77.86
8.7,7.2,76.29
6.6,8.3,69.9
5.8,9.1,69.19
4.8,10.3,63.83
4.3,11.3,44.91
4.0,12.0,33.69
4.0,12.1,33.22
4.2,11.8,37.43
4.3,11.6,40.45
4.3,11.5,40.5
4.3,11.6,45.77
4.3,11.9,46.73
4.2,12.0,46.35
3.9,12.3,42.23
3.8,12.5,38.1
3.8,12.5,38.08
3.9,12.2,38.0
3.9,11.6,38.05
3.8,11.4,38.06
3.7,11.3,29.13
3.7,11.5,25.96
3.9,11.9,23.97
4.4,11.8,23.98
4.7,11.2,23.98
5.6,10.2,24.01
6.2,9.5,24.22
7.3,8.2,36.89
7.8,7.6,51.31
7.6,7.6,66.86
6.7,8.1,69.65
6.1,9.0,67.92
5.0,9.3,51.53
4.2,9.8,47.63
3.4,10.0,47.62
3.0,10.4,47.63
2.7,10.7,47.64
2.6,11.0,47.35
2.5,11.1,40.66
2.3,11.4,39.93
2.3,11.6,37.95
2.3,11.6,38.0
2.3,11.4,37.96
2.3,11.3,38.0
2.3,11.3,37.97
2.3,11.4,38.25
2.3,11.6,38.13
2.4,11.7,38.15
2.4,11.6,38.16
2.3,11.6,34.18
2.3,11.6,31.63
2.3,11.2,28.67
2.3,10.4,25.0
2.3,9.7,24.93
2.2,8.6,24.98
2.1,7.9,24.94
2.2,7.1,24.95
2.1,6.5,26.14
2.0,5.7,35.82
1.9,5.3,36.08
2.0,5.0,36.09
2.0,5.0,36.07
2.0,4.9,36.11
2.0,4.7,35.97
2.0,4.7,32.69
2.0,4.6,30.76
2.0,4.6,27.87
2.0,4.6,27.78
1.9,4.8,27.82
1.9,4.9,27.81
1.9,5.3,27.83
1.9,5.5,27.77
1.9,5.5,27.86
1.9,5.9,27.83
1.8,6.3,27.79
1.8,6.9,27.76
1.9,7.2,27.77
1.9,7.9,27.79
1.9,8.5,27.84
1.9,9.6,27.82
2.0,10.4,27.79
2.0,11.7,27.87
2.1,12.5,23.85
2.0,14.0,13.98
2.1,15.1,0.36
2.2,17.3,0.07
2.3,18.2,0.23
2.4,18.4,0.09
2.4,18.5,0.06
2.5,16.8,0.06
2.6,15.5,0.16
2.6,14.7,0.06
2.6,12.4,0.23
2.4,10.2,33.31
2.5,9.1,43.29
2.6,8.9,46.57
2.5,9.0,46.57
2.6,9.2,46.56
2.4,9.5,46.38
2.4,9.8,36.42
2.5,10.1,32.87
2.5,9.9,32.35
2.6,9.6,32.41
2.5,9.3,32.36
2.5,8.8,32.39
2.5,8.4,32.44
2.6,7.9,39.7
2.6,7.7,41.17
2.4,7.7,41.15
2.5,7.9,41.13
2.6,7.9,41.2
2.6,7.9,41.13
2.6,7.9,35.11
2.6,8.0,34.85
2.6,7.7,34.79
2.6,7.5,34.76
2.7,7.2,34.82
2.7,7.0,25.64
2.5,6.9,8.17
2.4,6.0,0.63
2.4,5.2,0.1
2.2,4.4,0.05
2.0,4.1,0.04
2.0,4.3,3.19
1.8,4.1,18.17
2.1,4.0,18.45
2.2,4.3,18.41
1.9,4.6,25.43
2.0,4.7,25.96
2.2,5.0,25.95
2.3,5.5,32.83
2.4,6.3,39.13
2.5,7.3,39.18
2.2,8.5,39.16
2.1,9.5,39.17
2.4,10.9,37.97
2.4,11.6,25.74
2.1,12.7,25.34
2.1,13.6,25.27
2.2,14.8,25.45
2.3,15.5,20.66
2.5,16.7,19.59
2.5,17.0,18.24
2.2,17.3,8.91
2.4,17.2,8.95
3.1,16.4,9.0
3.9,15.2,8.92
4.1,14.5,16.3
5.6,13.1,19.2
6.5,12.3,31.81
7.8,11.8,32.05
8.3,11.4,35.18
8.2,10.8,36.28
8.5,10.4,37.96
8.9,9.6,38.0
9.1,9.3,40.26
8.9,9.0,40.32
8.8,9.0,40.34
8.8,9.1,40.39
8.8,9.3,40.3
9.0,9.4,38.52
9.1,9.2,31.91
8.8,9.0,31.96
9.4,8.9,31.97
10.0,8.7,38.1
10.7,8.4,38.1
10.5,8.3,38.12
10.9,8.2,38.06
10.9,8.4,38.06
11.3,8.1,38.03
11.4,7.8,37.99
11.2,7.7,38.12
11.2,7.8,37.96
11.4,7.7,38.0
11.4,7.6,37.96
11.4,7.4,37.21
11.4,7.3,33.4
11.5,7.0,33.36
12.0,6.9,33.37
12.5,6.6,30.74
13.0,6.2,30.1
13.7,5.8,42.87
14.9,5.7,42.93
14.7,5.6,46.33
14.0,5.8,47.84
13.3,5.6,47.9
11.9,5.6,47.82
10.3,5.7,47.84
7.4,5.8,47.82
5.9,5.6,47.86
4.0,5.5,47.82
3.4,5.6,47.89
3.0,5.5,47.81
2.9,5.7,47.83
2.9,5.8,47.89
2.8,5.5,47.49
2.6,5.5,47.46
2.4,5.7,47.47
2.3,5.7,47.47
2.2,5.6,47.55
2.2,5.6,47.39
1.9,5.6,42.4
1.8,5.6,37.5
1.9,5.7,37.49
1.9,5.5,37.52
2.0,5.2,35.06
1.8,5.0,34.65
1.7,4.9,34.58
1.8,4.8,34.57
1.8,4.7,34.75
1.9,4.6,32.43
1.9,4.7,31.38
1.8,5.0,29.95
1.8,5.2,28.9
1.8,5.1,25.53
1.9,5.2,22.45
1.9,5.3,21.06
1.8,5.7,18.44
1.9,6.2,18.23
2.0,7.2,15.16
2.1,7.4,5.71
2.1,8.7,5.49
2.2,9.8,3.1
2.2,11.1,0.13
2.3,11.4,0.09
2.5,12.0,0.08
2.7,11.6,0.12
2.5,11.2,0.6
2.6,11.5,0.07
2.7,10.5,6.03
2.8,9.8,12.31
2.9,6.9,16.12
3.3,5.4,16.22
3.6,4.7,18.48
4.6,4.6,18.47
5.5,4.5,18.56
7.4,4.1,18.48
8.8,4.0,21.83
11.3,4.2,29.42
12.7,4.2,35.19
14.2,4.2,35.31
14.3,4.3,40.14
14.5,4.3,48.84
13.4,4.4,59.93
11.4,4.3,63.36
6.9,4.3,63.4
4.4,4.4,62.61
3.0,4.4,62.59
3.0,4.7,62.37
2.9,4.6,55.62
2.9,4.5,50.96
2.9,4.6,50.15
2.8,4.6,50.13
2.7,4.6,50.1
2.8,4.6,50.26
2.7,4.5,50.17
2.5,4.6,50.2
2.5,4.6,50.24
2.5,4.7,50.26
2.6,4.7,50.14
2.7,4.7,50.18
2.7,4.7,48.91
2.6,4.9,46.8
2.8,4.9,46.72
2.8,4.9,46.48
2.8,4.9,29.95
2.8,4.9,0.12
2.8,4.9,0.13
2.6,5.0,0.04
2.4,4.2,0.06
2.1,4.2,0.07
1.8,4.8,0.07
1.8,5.0,0.14
2.0,6.6,0.03
2.1,9.5,0.03
2.1,11.9,0.04
2.1,13.7,0.09
2.2,14.2,0.05
2.2,13.6,0.03
2.4,12.7,0.07
2.8,11.9,0.04
3.3,10.9,0.09
5.2,9.3,0.17
6.9,8.1,0.03
9.2,6.5,0.49
14.4,5.8,34.8
19.6,5.1,37.12
22.3,5.2,39.99
23.2,5.0,40.33
24.8,4.9,41.42
25.1,4.8,49.42
25.4,4.8,51.97
26.8,4.8,54.16
26.5,4.7,54.31
25.7,4.8,55.76
25.2,4.8,56.25
25.2,4.9,56.2
25.7,4.8,56.18
26.7,4.7,56.2
27.5,4.7,57.68
27.0,4.7,62.41
26.7,4.8,62.42
26.1,4.8,62.41
24.7,5.0,62.42
22.6,5.0,62.44
21.8,5.1,62.38
20.6,5.3,62.39
19.5,5.4,62.4
18.1,5.4,62.44
17.3,5.5,62.39
16.0,5.6,62.38
15.5,5.7,62.41
14.9,5.8,62.4
14.8,5.8,62.4
13.8,5.7,62.48
12.9,5.7,71.01
9.8,6.0,75.95
5.9,6.3,76.01
3.5,6.4,75.98
3.1,6.7,75.99
2.9,7.5,75.97
2.8,8.3,75.31
2.8,9.5,64.22
2.8,10.0,34.81
2.9,10.5,19.36
2.7,10.5,18.03
2.7,9.8,18.2
2.7,9.0,18.06
2.7,7.8,17.97
2.6,7.1,18.2
2.4,6.2,18.07
2.2,5.8,28.61
2.2,5.1,44.45
2.2,4.8,44.64
2.2,4.7,44.62
2.3,4.8,44.37
2.3,4.8,38.13
2.3,4.8,35.06
2.4,4.6,34.85
2.4,4.5,29.75
2.3,4.5,19.07
2.2,4.5,19.12
2.2,4.7,19.07
2.1,4.8,19.08
2.1,4.9,19.07
2.0,5.2,18.82
1.9,5.5,6.64
1.9,6.3,0.16
2.0,7.0,0.05
1.9,8.0,0.03
2.0,9.0,0.1
2.1,10.5,0.03
2.3,11.5,0.03
2.5,12.1,0.05
2.7,12.1,0.13
2.7,11.2,0.14
2.7,10.7,0.08
2.7,10.4,0.03
2.7,9.3,0.1
2.7,8.8,21.51
3.5,7.1,22.01
4.0,6.7,35.85
5.0,6.2,42.51
5.0,6.0,43.72
4.7,5.9,47.91
4.4,5.9,47.96
4.2,5.9,47.96
3.7,5.9,47.93
3.3,5.9,48.0
3.0,5.8,47.92
2.9,5.9,47.92
2.8,6.0,47.93
2.8,6.0,47.92
2.8,5.8,47.91
2.7,5.8,47.93
2.7,5.8,47.99
2.7,5.8,47.91
2.7,5.9,47.89
2.8,5.9,47.84
2.8,5.8,47.82
2.7,5.9,47.83
2.7,5.9,47.85
2.9,5.9,47.6
2.9,5.8,46.31
2.8,5.9,45.04
2.8,5.9,45.01
2.9,6.0,43.41
3.0,5.9,39.78
3.0,5.8,35.07
2.8,5.7,32.51
2.8,5.6,32.27
2.9,5.3,32.27
2.9,5.1,32.22
2.8,4.9,32.22
2.7,4.8,29.86
2.7,4.6,27.03
2.6,4.5,25.13
2.7,4.3,21.25
2.5,4.2,21.34
2.2,4.2,21.58
2.0,4.1,24.32
2.1,4.0,24.53
2.0,4.1,21.64
1.8,4.4,21.33
1.8,4.8,21.34
1.8,4.9,21.52
1.8,5.4,21.4
2.2,6.1,21.36
2.3,9.1,21.41
1.9,11.0,21.58
2.0,13.6,21.49
2.2,14.6,21.4
2.2,16.2,21.37
2.3,17.2,21.45
2.0,18.6,21.37
2.1,19.2,21.38
2.3,20.0,21.52
2.5,19.8,21.34
2.6,19.7,21.58
2.4,19.4,21.38
2.7,18.7,21.35
3.2,18.1,21.44
3.7,17.1,22.04
4.5,16.1,22.37
4.8,14.5,22.34
6.0,13.7,22.36
6.9,11.8,31.81
8.5,10.1,38.79
9.2,9.2,46.73
9.1,9.0,47.93
9.0,9.0,47.9
9.0,9.2,47.89
8.9,9.2,47.99
8.8,9.4,46.84
8.2,9.6,42.99
8.1,9.8,42.97
8.1,9.7,40.96
8.1,9.6,39.81
8.3,9.6,39.67
8.1,9.5,39.68
8.1,9.6,39.64
8.4,9.5,38.43
8.5,9.3,36.32
8.6,9.0,36.24
9.0,8.8,36.32
9.4,8.5,36.25
9.8,8.2,38.86
10.4,8.1,40.51
10.6,7.9,40.45
10.3,7.7,40.45
10.3,7.8,40.58
10.2,7.6,42.45
10.0,7.3,44.36
9.7,7.4,44.97
9.1,7.4,44.81
8.6,7.3,44.91
7.8,7.5,44.88
7.5,7.4,44.81
6.5,7.4,44.83
5.6,7.5,44.83
4.5,7.5,44.8
3.9,7.5,44.88
3.1,7.5,44.84
2.9,7.4,44.82
2.4,7.6,44.81
2.3,7.7,44.83
2.4,7.8,44.87
2.4,7.7,44.81
2.3,7.7,44.86
2.2,7.7,44.84
2.2,7.7,44.86
2.2,7.7,44.85
2.4,7.5,44.79
2.3,7.6,44.77
2.0,7.8,44.75
2.0,7.9,44.75
2.2,8.0,44.8
2.2,7.9,44.77
2.1,7.8,44.75
2.1,7.9,44.77
2.2,8.0,44.67
2.2,8.1,43.33
2.4,8.0,43.25
2.5,7.9,43.27
2.3,8.1,38.18
2.4,8.0,36.27
2.5,7.9,26.37
2.5,7.6,20.98
2.4,7.1,13.89
2.3,5.9,13.48
2.0,5.5,13.48
2.0,5.6,13.85
2.0,5.5,13.53
1.7,5.8,13.54
1.8,6.1,13.55
1.9,7.0,13.53
2.0,7.6,11.79
2.1,8.9,11.79
2.1,9.6,8.75
2.1,11.2,0.48
2.2,12.3,0.04
2.3,13.6,0.19
2.4,13.7,0.15
2.4,13.9,0.02
2.5,13.3,0.02
2.5,12.2,0.03
2.5,12.4,0.05
2.6,11.2,4.0
3.0,9.9,12.41
3.3,7.9,12.86
4.3,5.0,19.13
5.1,4.5,27.03
6.2,4.5,30.37
6.4,4.5,31.71
6.7,4.2,34.07
7.5,4.2,34.94
8.1,4.1,37.44
8.3,3.9,42.25
7.8,4.0,42.22
6.8,4.1,42.2
6.1,4.2,42.27
4.8,4.2,42.22
4.0,4.3,42.28
3.2,4.4,42.3
2.9,4.6,42.23
2.7,4.9,42.36
2.8,5.1,42.23
2.8,5.0,42.21
2.6,5.2,42.21
2.5,5.2,42.24
2.7,5.3,42.2
2.7,5.3,42.19
2.6,5.3,42.16
2.5,5.3,42.27
2.5,5.4,42.22
2.6,5.3,42.17
2.7,5.1,42.16
2.5,5.1,42.01
2.4,5.2,41.98
2.5,5.1,41.07
2.6,5.1,32.52
2.6,5.0,31.91
2.5,4.8,31.99
2.4,4.7,32.14
2.4,4.8,23.4
2.4,4.9,5.15
2.4,4.8,0.22
2.1,4.7,0.05
1.8,4.1,0.02
1.8,4.5,0.03
1.9,4.9,0.03
2.0,5.1,0.05
2.1,7.5,0.04
2.1,10.6,0.11
2.2,12.5,0.06
2.2,12.5,0.03
2.2,12.4,0.07
2.4,11.7,0.08
2.7,10.8,0.03
4.0,9.9,0.05
5.1,8.7,14.0
7.9,7.8,39.22
9.9,6.9,42.18
10.3,6.9,42.22
10.5,6.8,42.21
10.5,6.5,42.17
10.4,6.4,42.16
10.5,6.5,41.61
10.4,6.4,30.74
10.7,6.3,30.38
11.3,6.3,30.38
12.9,6.2,30.39
14.0,6.1,30.47
16.5,5.9,30.61
17.6,5.6,38.91
19.5,5.3,39.9
20.2,5.3,40.0
20.9,5.2,41.74
21.8,5.3,41.73
22.2,5.1,41.75
22.9,5.1,41.69
23.1,5.0,41.74
23.2,5.0,41.67
23.2,5.1,41.76
23.4,4.9,41.68
23.4,4.8,41.68
23.8,4.8,47.21
23.9,4.9,48.61
23.9,4.9,48.53
24.6,4.7,48.61
24.7,4.7,48.53
24.6,4.8,48.54
24.9,4.7,48.56
25.3,4.6,51.75
25.1,4.6,52.53
24.2,4.7,54.93
24.1,4.7,55.11
25.1,4.8,56.11
25.0,4.8,56.13
24.3,4.7,58.31
23.3,4.8,58.48
22.1,4.8,59.81
20.9,4.9,60.23
16.9,4.9,60.26
13.5,4.9,60.25
8.1,5.0,60.28
5.9,4.9,63.21
4.1,5.1,63.39
3.9,5.2,63.34
3.5,5.1,63.34
3.2,5.2,63.34
2.7,5.4,63.33
2.6,5.3,63.32
2.5,5.5,63.26
2.4,5.6,62.23
2.4,5.8,60.62
2.5,5.9,53.76
2.6,6.1,45.44
2.7,6.0,21.64
2.6,5.8,16.16
2.5,5.5,15.92
2.4,4.7,15.95
2.3,4.3,15.95
2.1,4.1,15.95
2.0,4.2,16.06
1.9,4.4,16.08
1.9,4.5,16.04
1.9,5.0,16.24
1.9,5.1,16.22
1.9,5.8,16.08
2.0,6.2,16.22
2.0,6.9,16.25
2.1,7.1,16.26
2.1,7.5,16.36
2.3,8.2,16.31
2.5,8.6,16.39
2.7,9.0,16.32
2.8,9.1,16.41
3.0,9.1,16.32
3.0,9.1,16.47
3.0,9.3,34.64
3.1,9.0,47.78
3.0,9.0,47.8
3.0,9.2,47.82
3.0,9.4,47.84
3.1,9.6,47.57
3.1,9.9,44.71
3.2,9.9,34.19
3.1,10.1,20.56
3.1,10.0,19.88
3.1,9.5,19.89
3.2,9.1,19.89
3.1,8.5,33.14
3.0,8.3,38.99
3.0,8.2,39.96
3.1,8.1,39.93
3.1,8.1,40.07
3.1,8.0,39.93
3.0,8.0,39.92
3.1,8.0,39.94
3.1,7.8,39.92
3.2,7.8,39.92
3.1,7.8,39.94
3.2,7.8,39.89
3.2,7.8,39.84
3.3,7.8,39.89
3.3,7.9,39.83
3.2,7.9,39.05
3.2,8.0,35.96
3.4,7.9,35.97
3.4,7.6,35.97
3.3,7.5,35.99
3.4,7.4,35.99
3.4,7.1,28.43
3.4,6.9,27.74
3.5,6.3,27.7
3.4,6.1,27.69
3.2,5.7,27.7
3.1,5.4,21.82
3.1,5.0,19.36
2.9,4.6,16.64
2.7,4.6,15.97
2.5,4.7,16.18
2.4,4.5,14.13
2.4,4.2,2.83
2.2,4.6,2.12
1.7,5.3,2.09
1.6,5.4,2.1
2.0,8.3,2.07
2.2,13.6,2.17
2.0,16.5,2.11
2.1,17.6,9.22
2.2,18.7,27.96
2.2,18.6,36.23
2.7,18.8,37.19
2.7,19.0,37.16
2.3,19.5,37.2
2.3,19.8,37.16
2.6,20.4,34.58
2.6,20.6,27.08
2.5,20.9,26.14
2.7,20.5,26.08
3.0,20.0,26.27
3.5,19.2,26.14
4.0,18.6,26.11
4.5,17.6,26.2
4.2,17.2,26.5
4.8,16.5,30.72
5.6,15.7,30.71
5.9,14.0,30.64
6.6,12.5,30.58
7.1,10.7,30.63
7.7,10.2,30.44
8.3,9.8,30.4
9.3,9.2,28.77
9.6,8.3,27.54
11.5,7.9,27.51
13.0,7.1,24.21
15.3,6.6,22.71
16.7,5.8,43.73
19.4,5.6,56.26
19.7,5.8,64.17
19.0,5.9,75.38
18.4,5.7,75.44
15.3,6.4,75.41
13.3,7.0,75.37
10.1,7.8,70.67
7.9,8.5,57.03
6.0,9.3,49.78
5.3,9.5,41.85
4.5,9.7,41.51
4.0,9.9,41.63
3.8,9.9,41.61
3.2,9.8,34.93
2.6,9.7,33.9
2.5,9.6,32.32
2.6,9.3,32.36
2.4,8.9,32.86
2.4,8.5,37.96
2.3,8.2,41.07
2.3,8.0,42.19
2.2,8.1,42.22
2.4,8.1,42.21
2.4,7.8,42.16
2.1,7.9,42.19
2.1,8.0,42.27
2.2,7.9,42.18
2.2,8.0,42.15
2.1,8.0,42.19
2.1,8.0,42.2
2.0,8.2,42.22
2.0,8.1,42.21
2.2,8.0,42.18
2.2,8.0,42.15
2.1,8.0,42.11
2.2,8.1,42.13
2.2,8.2,42.12
2.4,8.1,42.09
2.4,8.0,41.14
2.3,8.0,40.83
2.4,8.0,39.68
2.5,7.6,33.93
2.6,7.4,33.44
2.5,6.8,33.42
2.4,6.7,33.43
2.4,6.4,33.45
2.5,6.3,31.68
2.6,6.0,28.2
2.5,5.7,26.84
2.3,5.8,18.64
2.2,6.1,13.71
2.0,6.3,9.47
2.0,6.5,3.35
1.9,6.9,2.83
1.9,8.3,2.8
1.9,9.7,2.8
2.1,12.0,2.83
2.2,13.1,2.9
2.2,15.7,2.97
2.2,16.9,2.94
2.3,17.4,2.93
2.3,17.0,11.99
2.6,15.9,17.34
2.6,14.3,17.66
2.4,14.8,21.97
2.4,15.0,26.47
2.5,14.1,30.89
2.5,13.8,30.97
2.4,14.5,30.91
2.4,14.9,19.41
2.4,14.2,11.25
2.4,11.1,10.12
2.6,6.3,10.12
3.0,5.0,14.81
3.1,5.1,16.01
4.3,4.7,11.0
5.1,4.2,2.86
6.7,4.0,3.34
10.9,4.1,39.49
13.9,3.9,50.35
14.7,3.9,62.57
14.7,3.9,63.12
13.1,3.9,73.4
11.1,4.0,78.59
3.7,4.2,79.63
2.6,4.6,79.64
2.4,4.7,79.59
2.5,5.2,58.3
2.5,5.4,57.64
2.4,5.6,51.37
2.5,5.7,49.75
2.6,5.7,49.69
2.6,5.7,49.75
2.5,5.8,49.72
2.5,5.8,49.73
2.6,5.9,45.67
2.7,5.9,38.5
2.7,5.9,14.04
2.7,5.7,13.35
2.5,5.3,13.43
2.4,5.0,13.35
2.4,4.9,13.4
2.2,5.0,13.38
1.9,4.4,13.42
1.8,4.5,12.21
1.8,5.1,5.55
1.9,5.3,5.37
2.0,5.2,5.4
2.0,7.0,5.45
2.1,10.1,5.38
2.2,12.8,5.44
2.2,12.9,5.46
2.2,12.1,5.44
2.6,11.2,5.59
3.0,10.4,40.14
4.1,9.8,43.11
4.1,10.0,43.07
3.9,10.0,43.2
3.8,10.3,43.1
3.6,10.5,43.12
3.7,10.6,43.08
3.7,10.7,43.12
3.6,10.7,43.1
3.6,10.9,43.15
3.6,11.1,43.08
3.5,11.3,42.77
3.5,11.3,38.32
3.3,11.5,38.26
3.4,11.5,38.34
3.5,11.4,38.21
3.6,11.2,38.33
3.6,10.9,38.27
3.8,10.8,34.43
3.9,10.1,31.76
4.0,9.5,26.29
4.3,8.7,21.53
5.1,8.7,18.38
5.7,8.7,17.05
7.0,8.3,17.1
8.5,7.2,17.14
11.2,6.4,31.81
12.6,5.7,48.41
13.7,5.6,48.59
13.8,5.6,48.57
14.0,5.6,49.97
14.1,5.5,52.14
14.0,5.5,53.55
13.8,5.5,55.3
13.7,5.5,55.25
13.6,5.5,55.23
13.2,5.5,55.33
13.0,5.6,55.28
12.9,5.6,55.25
12.6,5.7,55.26
12.3,5.7,55.24
11.8,5.6,55.26
11.3,5.6,55.23
10.7,5.7,55.31
9.8,5.7,55.26
8.6,5.6,55.26
7.4,5.6,55.24
5.5,5.7,55.28
4.4,5.7,55.28
3.5,5.7,55.25
3.1,5.7,55.29
2.9,5.5,55.29
2.7,5.6,55.26
2.7,5.6,55.25
2.7,5.5,55.24
2.7,5.5,55.25
2.6,5.5,55.28
2.5,5.6,55.28
2.4,5.7,55.27
2.4,5.7,55.24
2.3,5.6,55.26
2.2,5.5,55.25
2.2,5.5,55.24
2.2,5.5,55.24
2.2,5.4,55.24
2.3,5.4,55.1
2.4,5.5,53.62
2.3,5.4,49.81
2.3,5.5,36.35
2.4,5.4,25.42
2.3,5.1,25.07
2.2,4.6,25.17
2.1,4.4,25.09
2.1,4.3,25.26
2.0,4.3,25.13
2.1,4.5,25.15
2.0,4.6,25.25
1.9,4.8,21.62
1.8,5.0,21.6
1.9,5.1,21.54
1.9,5.6,21.53
1.9,6.0,21.63
1.9,6.7,21.71
2.0,7.2,41.3
2.0,7.6,44.68
2.1,7.9,47.35
2.0,8.3,47.33
2.0,8.6,47.09
2.1,9.1,44.47
2.1,9.3,42.32
2.0,9.8,42.27
2.1,10.2,39.08
2.1,10.9,33.23
2.1,11.5,31.38
2.2,12.6,29.84
2.2,13.5,22.38
2.1,15.1,12.19
2.2,16.4,0.95
2.3,17.7,0.18
2.4,19.7,0.14
2.5,18.4,0.13
2.7,18.9,0.1
2.8,19.0,0.1
2.8,15.5,0.03
2.8,14.0,0.12
2.6,10.7,11.78
2.5,9.1,21.87
2.5,7.2,29.75
2.6,6.4,44.55
2.6,6.0,44.56
2.5,6.0,44.48
2.5,6.0,44.61
2.4,6.1,51.06
2.5,6.2,51.25
2.5,6.1,51.24
2.4,6.1,51.2
2.4,6.2,51.21
2.5,6.1,51.21
2.5,6.1,51.26
2.4,6.1,51.21
2.4,6.1,51.25
2.5,6.2,51.19
2.6,6.2,51.21
2.7,6.1,51.22
2.7,6.2,51.26
2.6,6.3,51.21
2.7,6.3,51.24
2.7,6.2,51.24
2.6,6.2,51.23
2.7,6.2,51.23
2.7,6.1,51.25
2.8,6.1,51.25
2.9,6.2,51.21
2.9,6.1,51.21
2.9,6.1,51.29
3.0,6.2,51.22
3.1,6.2,51.16
3.2,6.1,51.27
3.1,6.0,51.09
3.2,6.0,50.89
3.3,6.0,49.81
3.4,6.0,44.62
3.4,6.0,36.1
3.5,5.9,0.87
3.5,5.8,0.06
3.0,5.0,0.05
2.9,5.1,0.03
2.5,4.3,0.04
1.9,4.9,0.13
1.8,6.1,0.04
1.9,5.9,0.06
2.2,8.4,0.04
1.9,14.1,0.06
2.0,19.4,0.18
2.1,19.7,0.03
2.3,19.7,0.11
2.9,18.2,0.05
3.3,15.2,0.09
5.3,13.5,0.18
7.6,11.0,23.99
10.1,10.0,38.8
11.6,9.3,52.12
11.4,9.3,52.59
11.4,9.5,52.66
11.3,9.6,52.58
11.3,9.6,52.59
10.8,9.8,52.58
10.2,10.1,52.64
10.0,10.2,52.63
9.9,10.2,52.58
9.8,10.3,52.57
9.3,10.4,52.58
9.0,10.2,52.59
8.8,10.1,52.64
8.8,9.9,52.6
8.7,9.8,52.59
8.2,9.6,52.51
8.0,9.7,50.07
8.3,9.5,48.01
8.2,9.4,45.75
8.0,9.5,45.1
7.9,9.7,44.98
7.8,9.8,45.05
7.7,9.9,43.01
7.8,9.9,42.17
7.7,10.0,39.59
7.3,10.0,36.9
7.4,10.0,34.93
7.8,9.8,34.16
8.3,9.3,34.21
8.5,9.0,35.77
9.1,8.8,38.65
9.4,8.6,42.35
9.9,8.2,46.31
9.6,8.2,46.31
9.0,8.4,47.59
8.5,8.5,47.63
8.2,8.7,49.0
7.6,8.6,49.04
6.9,8.7,49.06
6.2,8.8,49.02
5.7,9.1,49.0
4.9,9.2,49.01
4.5,9.2,48.99
3.7,9.2,49.0
3.0,9.4,48.85
2.6,9.6,48.7
2.6,9.5,46.44
2.5,9.6,45.74
2.2,9.7,45.68
2.2,9.8,45.69
2.3,10.0,45.74
2.2,10.0,42.01
2.3,9.9,35.87
2.3,9.9,33.99
2.2,9.7,33.99
2.1,9.2,34.12
2.3,8.9,36.27
2.1,8.6,40.94
2.0,8.5,41.22
2.1,8.4,41.15
2.1,8.3,41.22
2.1,8.2,41.19
2.1,8.1,41.15
2.0,8.1,41.2
2.0,8.3,41.13
2.3,8.3,41.08
2.3,8.1,38.53
2.1,7.8,30.18
2.0,7.6,16.05
2.1,6.8,0.04
1.9,5.8,0.07
1.7,4.9,0.03
1.8,4.9,0.07
1.8,5.5,30.33
1.9,5.8,39.99
2.1,5.7,40.53
2.1,6.0,40.52
1.9,6.3,40.51
1.9,6.5,36.41
2.0,6.4,31.48
1.9,6.8,31.44
2.0,7.3,28.52
2.0,7.9,28.09
2.0,8.6,28.16
2.2,9.4,26.82
2.2,9.5,15.95
2.1,10.7,15.88
2.1,11.8,14.16
2.3,13.4,10.49
2.3,13.7,10.52
2.4,14.1,10.56
2.5,13.6,10.74
2.5,12.6,10.65
2.6,13.2,10.71
2.7,12.8,10.64
2.7,12.1,10.61
2.5,11.9,11.03
2.6,9.5,12.09
2.9,6.1,16.93
3.9,4.7,17.01
4.2,4.7,31.81
5.2,4.5,38.8
5.3,4.5,40.46
4.9,4.4,40.56
4.3,4.3,40.51
3.7,4.3,39.78
3.2,4.3,31.97
3.0,4.2,32.02
3.0,4.1,32.01
2.9,4.2,32.3
2.7,4.3,41.53
2.7,4.7,42.91
2.6,4.9,42.9
2.7,5.0,46.69
2.6,5.0,46.83
2.5,5.2,48.5
2.5,5.4,48.85
2.5,5.4,48.84
2.6,5.5,48.85
2.7,5.5,48.77
2.5,5.6,48.78
2.5,5.7,48.79
2.5,5.8,48.79
2.6,5.7,48.8
2.6,5.7,48.72
2.5,5.9,48.73
2.6,5.9,48.54
2.6,5.9,38.55
2.7,5.9,27.56
2.7,5.8,22.71
2.6,5.4,22.66
2.5,5.1,22.71
2.6,4.9,22.63
2.5,4.8,16.74
2.3,5.0,16.77
2.1,5.0,16.71
2.1,4.4,16.06
1.9,4.2,15.97
1.9,4.9,16.0
1.9,5.2,15.96
1.8,5.3,16.06
1.9,5.5,14.74
2.0,7.0,10.53
2.1,8.7,10.65
2.0,12.6,10.58
2.1,14.8,10.6
2.1,15.6,8.48
2.2,15.3,7.67
2.3,14.6,7.61
2.3,13.9,9.19
2.5,13.1,37.64
3.1,12.1,38.06
3.1,12.0,38.08
3.0,12.3,35.32
3.0,12.3,34.67
3.2,12.1,34.63
3.4,11.8,34.71
3.7,11.5,34.81
3.9,11.3,37.15
3.9,11.1,43.69
3.9,11.0,47.54
3.9,11.3,47.47
3.8,11.3,47.54
3.7,11.3,47.5
3.6,11.4,47.53
3.7,11.4,47.26
3.6,11.1,43.37
3.6,10.8,43.1
3.6,10.4,43.07
3.4,10.3,37.38
3.3,10.2,35.13
3.4,10.3,34.68
3.4,11.3,34.7
3.5,11.8,34.75
3.6,12.1,34.67
3.7,12.1,34.77
3.9,12.0,34.68
4.0,11.7,34.66
4.0,11.2,34.7
4.3,10.9,34.7
4.5,10.2,34.7
4.7,9.9,34.69
4.6,9.4,34.68
4.7,9.2,34.7
4.7,9.0,34.65
4.9,8.6,25.02
5.1,8.0,22.09
6.4,7.0,21.92
7.3,6.4,21.95
9.8,5.6,23.1
11.0,5.1,57.08
12.5,4.7,79.04
9.8,4.8,96.99
4.8,5.5,98.39
2.4,6.1,97.86
2.4,7.2,90.68
2.5,8.0,89.14
2.4,9.7,75.14
2.5,10.8,67.84
2.6,12.4,67.79
2.7,13.3,57.5
2.8,14.2,50.76
2.8,14.4,48.62
2.7,14.9,41.89
2.8,15.3,39.92
2.9,15.6,31.63
3.0,15.6,29.81
2.9,14.9,29.8
2.9,14.5,29.8
2.9,13.3,21.06
2.9,12.8,5.86
3.0,10.7,0.03
2.8,8.9,0.03
2.5,7.1,0.11
2.2,5.2,0.03
2.1,4.7,0.03
1.9,5.3,0.17
1.8,5.5,0.02
1.8,6.2,0.02
1.9,6.9,0.13
1.9,8.1,7.01
2.1,8.7,24.0
2.2,9.6,37.06
2.3,10.0,48.01
2.3,10.5,48.06
2.4,10.8,48.06
2.4,11.3,48.04
2.4,11.6,48.06
2.3,12.1,48.05
2.3,12.6,48.07
2.3,13.2,48.04
2.4,13.6,48.06
2.3,14.4,48.07
2.3,15.0,48.05
2.3,15.8,47.79
2.3,16.4,44.21
2.3,17.5,38.73
2.3,18.1,38.61
2.3,19.1,35.38
2.3,20.0,33.49
2.4,20.6,31.71
2.4,21.8,26.81
2.5,22.2,26.3
2.5,20.8,26.3
2.5,20.9,22.16
2.6,23.1,22.16
2.7,24.3,22.22
2.7,24.0,22.22
2.7,21.5,22.22
2.7,20.4,22.4
2.7,18.5,40.32
2.8,16.4,40.48
2.8,16.5,41.29
2.7,16.5,41.28
2.7,16.7,41.29
2.8,17.2,41.26
2.8,17.5,41.35
2.8,17.9,30.45
2.8,18.1,27.13
2.8,17.0,27.02
2.8,16.0,25.85
2.8,14.2,25.71
2.8,13.1,25.72
2.6,12.0,25.77
2.5,10.3,25.76
2.6,9.2,25.81
2.5,8.0,25.74
2.3,7.4,25.76
2.2,6.6,25.77
2.2,6.1,25.77
2.3,5.3,25.76
2.2,4.8,25.79
2.0,4.4,25.81
1.9,4.2,25.76
2.0,4.1,25.81
2.0,4.2,25.78
1.8,4.4,25.75
1.7,4.4,44.32
1.8,4.4,52.05
1.9,4.4,52.07
2.0,4.3,52.06
2.0,4.2,52.03
1.8,4.2,52.04
1.8,4.2,51.99
2.0,4.2,46.15
2.0,4.2,42.19
1.8,4.2,28.15
1.7,4.3,27.27
1.9,4.7,22.18
1.8,5.3,21.48
1.9,5.6,19.28
1.9,5.7,7.65
1.8,5.6,7.24
2.2,7.5,6.38
2.2,8.6,0.08
1.9,15.1,0.2
2.0,17.4,0.03
2.2,19.1,0.24
2.2,19.5,0.05
2.2,18.8,0.03
2.6,18.3,0.05
3.1,16.6,9.5
3.9,15.6,14.58
4.2,16.0,14.87
4.9,15.1,14.66
5.3,13.4,14.79
7.2,12.2,14.79
8.7,11.1,14.65
11.4,9.7,14.67
13.4,8.2,14.61
19.0,6.3,26.65
23.0,5.7,64.4
24.9,5.3,81.24
23.8,5.2,93.8
19.5,5.8,93.8
14.6,6.6,93.83
9.5,8.4,93.81
7.4,9.6,85.06
4.4,12.4,81.62
3.2,13.8,80.76
2.8,16.8,74.78
2.5,18.8,47.7
2.7,21.2,40.0
2.7,22.2,39.57
2.4,23.5,21.38
2.3,23.9,6.39
2.6,22.8,6.34
2.5,20.2,6.33
2.2,16.1,6.39
2.4,13.5,6.29
3.0,10.6,38.05
3.4,9.8,45.72
3.1,9.7,45.8
2.6,9.7,45.82
2.3,9.9,45.78
2.2,10.0,45.84
2.3,10.0,45.76
2.3,10.2,45.82
2.1,10.3,45.8
2.1,10.5,45.82
2.2,10.6,45.81
2.3,10.9,45.76
2.3,10.9,45.71
2.1,11.0,45.64
2.1,11.0,45.68
2.2,11.1,45.78
2.3,10.9,45.66
2.3,11.0,45.69
2.1,11.1,45.69
2.2,11.4,45.68
2.3,11.5,45.64
2.4,11.6,45.62
2.5,11.6,45.62
2.3,11.7,43.47
2.4,11.9,37.25
2.5,11.7,36.31
2.6,11.4,34.63
2.6,11.1,32.69
2.4,10.6,32.77
2.5,10.1,32.71
2.5,9.6,32.7
2.6,9.3,32.74
2.6,9.5,32.71
2.4,9.2,17.95
2.5,8.4,1.12
2.4,7.5,0.12
2.4,6.6,0.03
2.3,6.3,0.02
2.2,6.1,0.03
2.1,6.2,0.04
2.1,6.9,0.03
1.9,7.0,0.05
1.7,8.1,0.09
1.9,9.3,0.12
2.0,11.5,0.03
2.1,12.5,0.03
2.1,14.6,0.06
2.2,15.4,0.13
2.2,16.4,2.11
2.3,16.0,12.73
2.4,15.0,12.88
2.5,13.4,12.68
2.3,11.7,12.79
2.5,11.6,12.69
2.9,10.6,12.72
3.7,9.9,12.76
4.2,8.5,21.71
5.1,5.6,32.95
5.9,4.8,60.54
6.3,4.4,61.15
5.8,4.4,61.06
5.3,4.5,61.07
4.7,4.6,61.03
4.7,4.8,61.02
4.2,4.7,54.36
3.9,4.7,43.35
3.5,4.9,35.37
3.2,5.0,29.5
3.1,5.1,26.59
3.2,4.6,25.7
3.6,4.3,25.71
3.7,4.1,25.65
5.2,4.2,37.49
5.9,4.4,59.81
4.9,4.5,59.8
3.8,4.6,62.61
2.9,4.7,63.14
2.6,4.8,70.61
2.5,5.0,73.87
2.6,5.0,73.83
2.4,5.4,73.88
2.5,5.7,73.57
2.6,6.2,68.7
2.6,6.5,68.72
2.6,7.1,59.64
2.7,7.3,38.03
2.8,7.3,35.6
2.7,7.3,35.49
2.9,6.9,35.51
2.9,6.5,35.52
2.7,6.2,35.57
2.7,6.1,35.5
2.8,5.9,35.58
2.8,5.6,35.57
2.7,5.6,35.51
2.6,5.4,35.62
2.7,5.5,35.47
2.8,5.5,35.46
2.9,5.4,34.2
2.8,5.5,34.22
2.6,5.7,34.2
2.7,5.8,34.21
2.7,5.7,20.93
2.6,5.2,16.27
2.5,4.6,0.07
2.4,5.3,0.03
2.0,7.0,0.1
2.0,6.4,0.26
2.0,7.2,0.02
2.0,17.7,0.05
2.1,21.8,0.14
2.2,24.1,0.03
2.2,23.5,0.19
2.0,21.6,0.1
2.1,19.7,0.04
2.4,17.6,0.07
3.4,13.7,0.09
4.8,10.9,0.02
7.9,7.8,0.04
9.6,6.8,62.39
13.3,5.6,64.12
13.2,5.5,62.16
13.3,5.6,56.64
13.5,5.5,64.33
13.7,5.6,69.08
13.0,5.7,74.25
12.2,6.1,74.29
10.6,6.3,73.8
9.6,6.9,64.08
8.8,7.2,62.44
8.7,7.4,61.5
8.3,7.4,57.54
8.3,7.5,56.36
8.1,7.5,53.61
8.3,7.5,52.79
8.3,7.6,52.75
8.5,7.5,47.52
8.7,7.3,46.19
8.5,7.3,45.55
8.6,7.2,40.81
8.7,7.0,40.79
9.2,6.8,40.78
9.5,6.7,40.77
9.7,6.5,40.84
9.9,6.5,43.96
10.4,6.3,44.05
10.5,6.1,47.91
10.4,6.0,49.58
10.1,6.1,49.66
9.9,6.1,49.6
9.7,5.9,49.65
9.6,5.9,49.67
9.1,5.9,49.58
8.6,5.8,51.9
7.9,5.9,56.11
7.3,5.8,56.15
5.9,5.7,59.62
4.9,5.6,62.96
3.2,5.8,62.98
2.7,5.9,63.4
2.5,6.0,63.36
2.6,5.9,63.37
2.6,6.0,63.38
2.4,6.1,63.37
2.4,6.4,63.38
2.4,6.4,63.34
2.3,6.6,63.43
2.4,6.7,63.35
2.3,6.8,63.36
2.3,7.0,63.35
2.4,7.2,63.42
2.5,7.3,63.35
2.5,7.6,63.34
2.6,7.9,63.36
2.7,8.2,63.36
2.8,8.4,59.59
2.9,8.6,49.22
3.0,8.5,47.58
2.9,8.5,47.44
2.9,8.6,46.07
3.1,8.6,39.22
3.1,8.5,34.66
3.0,8.3,24.84
3.0,7.6,24.44
3.0,7.0,24.54
2.9,6.0,24.72
2.8,5.4,24.57
2.6,5.0,24.66
2.3,5.2,24.45
2.1,5.6,24.61
2.2,5.6,24.55
2.0,6.0,24.52
1.9,6.4,15.01
1.9,7.4,12.81
1.9,8.3,12.82
2.0,10.1,12.89
2.1,11.0,12.84
2.0,12.9,13.17
2.1,13.8,13.65
2.2,15.5,13.68
2.4,15.9,13.68
2.4,15.6,13.67
2.5,14.7,13.64
2.6,12.5,13.62
2.5,12.0,13.69
2.6,11.5,20.54
2.7,10.2,24.19
2.6,9.8,23.98
2.8,8.8,43.94
3.1,8.1,56.63
3.1,7.7,62.24
2.9,7.8,63.42
2.7,8.0,63.44
2.6,8.3,63.46
2.7,8.8,63.38
2.7,9.0,56.02
2.5,9.2,51.63
2.5,9.2,48.08
2.6,9.1,47.13
2.6,9.1,47.15
2.6,9.1,47.18
2.6,9.1,40.71
2.6,9.0,35.82
2.6,9.1,33.39
2.7,8.7,33.06
2.7,8.0,33.18
2.5,7.3,33.06
2.5,7.0,36.79
2.5,6.6,47.7
2.5,6.4,48.21
2.5,6.4,48.16
2.5,6.3,48.24
2.5,6.3,48.18
2.5,6.3,48.25
2.6,6.0,48.18
2.6,5.9,48.16
2.5,5.9,48.28
2.5,5.9,48.16
2.6,5.8,48.1
2.7,5.8,48.04
2.7,5.7,48.07
2.6,5.7,48.09
2.7,5.8,48.06
2.7,5.8,48.05
2.9,5.6,48.04
2.8,5.6,48.07
2.8,5.6,48.07
2.9,5.6,47.96
3.0,5.5,43.01
3.1,5.4,40.9
3.0,5.3,39.74
3.0,5.2,36.25
3.0,5.2,35.76
3.0,5.0,35.73
3.1,4.9,33.67
3.0,4.9,14.81
2.7,5.0,6.91
2.5,5.0,4.26
2.2,4.4,0.04
2.1,5.3,0.02
1.8,6.0,0.09
1.7,5.8,0.04
2.0,9.8,0.04
2.2,15.7,0.04
2.1,19.2,0.03
2.2,19.7,30.67
2.2,19.3,36.56
2.3,19.1,45.64
2.7,19.6,45.79
2.7,20.1,45.8
2.2,21.2,43.85
2.2,22.0,35.53
2.4,23.0,26.79
2.4,23.1,26.58
2.5,23.5,25.09
2.7,23.3,24.99
2.8,22.5,15.53
3.2,21.2,9.69
3.9,20.1,8.74
5.5,16.4,10.82
6.3,14.0,19.67
8.1,11.5,37.41
9.9,9.7,42.19
10.2,8.8,42.29
10.3,8.7,42.39
10.2,8.4,42.31
10.3,8.3,42.34
10.5,8.1,42.28
10.7,7.9,42.31
10.6,7.9,42.36
10.9,7.8,42.32
11.2,7.8,42.42
11.6,7.7,42.37
11.7,7.5,42.33
11.8,7.5,42.34
11.7,7.6,42.31
11.8,7.7,42.28
12.1,7.4,42.29
12.6,7.2,43.64
12.6,7.2,43.94
12.8,7.0,44.46
13.0,7.0,53.32
13.0,6.9,56.16
12.7,7.0,56.15
12.4,7.0,56.18
12.0,7.2,56.14
12.1,7.2,56.15
12.1,6.9,56.12
11.7,6.8,56.12
11.4,6.9,56.13
11.3,6.8,56.13
10.7,6.8,56.65
10.1,6.8,66.54
8.9,7.0,67.67
7.8,7.2,67.62
5.3,7.6,67.6
4.2,8.0,65.96
2.8,8.1,60.49
2.3,8.4,57.43
2.2,8.6,57.41
2.3,8.6,57.38
2.3,8.6,57.38
2.3,8.5,57.41
2.3,8.5,57.35
2.2,8.5,57.36
2.2,8.6,57.41
2.4,8.4,57.39
2.3,8.4,57.43
2.1,8.5,57.41
2.2,8.6,57.4
2.2,8.7,57.36
2.2,8.8,57.41
2.2,8.8,57.37
2.2,8.8,57.38
2.3,8.9,45.47
2.4,8.9,38.3
2.4,8.8,38.19
2.3,8.3,38.5
2.3,8.1,38.37
2.3,7.6,38.26
2.4,7.5,38.32
2.4,7.2,38.2
2.5,7.1,38.19
2.4,6.8,38.21
2.4,6.7,38.23
2.5,6.2,35.18
2.5,5.9,33.8
2.3,5.8,31.8
2.2,5.6,31.7
2.3,5.6,29.23
2.2,5.9,19.83
2.2,6.2,11.3
1.9,6.4,2.64
1.8,6.8,1.33
1.8,8.2,1.32
2.0,9.0,1.34
2.0,10.5,1.28
2.0,12.0,1.3
2.1,14.5,1.33
2.2,15.5,1.3
2.3,17.0,1.27
2.3,17.0,1.31
2.3,16.0,1.32
2.4,14.2,1.31
2.4,13.9,1.38
2.5,13.5,1.32
2.4,12.1,1.27
2.5,11.8,1.34
3.2,9.1,1.3
4.8,4.6,1.38
6.7,4.3,51.7
9.0,3.9,59.8
8.7,3.9,59.84
8.6,4.0,63.13
8.1,3.9,63.14
7.7,3.9,63.17
6.9,4.0,68.04
6.0,4.1,70.88
3.6,4.2,70.88
2.9,4.4,70.87
2.6,4.6,59.17
2.4,4.7,54.28
2.4,4.7,52.71
2.5,4.6,52.73
2.6,4.5,52.7
2.5,4.6,52.68
2.5,4.7,52.68
2.5,5.0,48.35
2.5,5.2,47.75
2.7,5.5,47.69
2.7,5.7,42.83
2.5,6.0,38.47
2.6,6.7,33.37
2.6,7.2,33.04
2.7,7.5,32.43
2.6,7.5,32.65
2.6,7.2,32.5
2.6,7.1,32.56
2.7,6.7,32.61
2.7,6.4,32.55
2.5,6.1,32.45
2.5,5.8,29.75
2.6,5.5,29.75
2.5,5.3,29.81
2.5,5.1,29.73
2.4,5.1,29.77
2.4,5.3,29.77
2.4,5.5,29.73
2.5,5.6,29.73
2.4,5.4,20.59
2.2,4.8,0.03
2.0,4.5,0.04
1.9,6.1,0.02
1.9,6.0,0.05
1.9,5.9,0.04
2.0,7.6,0.03
2.1,11.1,0.07
2.1,16.8,0.04
2.2,17.1,0.31
2.2,16.3,0.04
2.2,14.8,0.11
2.8,12.6,6.66
3.4,11.5,32.51
4.7,10.0,45.96
4.8,9.9,48.24
4.6,10.1,48.22
4.4,10.4,48.17
4.4,10.6,47.75
4.3,10.6,37.5
4.2,10.6,37.11
4.4,10.4,37.13
4.6,10.1,37.2
4.8,9.9,37.18
4.9,9.6,35.36
5.1,9.4,35.23
5.3,8.8,35.1
5.8,8.5,34.13
6.1,8.0,34.17
6.5,7.8,34.11
6.7,7.8,34.13
7.6,7.6,34.12
8.1,7.5,34.15
8.8,7.2,36.55
9.1,7.0,41.14
9.5,6.9,41.16
9.4,7.0,48.1
9.6,6.9,48.44
9.6,6.7,48.49
9.5,6.7,48.37
9.5,6.8,48.4
9.5,6.7,48.37
9.4,6.8,48.38
9.4,6.8,48.35
9.2,6.7,48.37
9.0,6.8,48.41
8.7,6.9,48.44
8.8,6.9,48.39
8.9,6.7,48.38
8.9,6.5,48.34
8.9,6.6,48.39
8.9,6.6,48.35
8.6,6.5,48.37
8.4,6.4,48.4
7.7,6.3,48.42
7.2,6.4,48.46
6.5,6.4,48.36
6.0,6.2,48.42
5.3,6.2,48.37
4.2,6.2,48.38
3.6,6.2,48.37
3.0,6.3,48.36
2.8,6.3,48.37
2.7,6.1,48.36
2.5,6.0,48.39
2.5,6.0,48.37
2.5,6.0,48.44
2.5,5.9,48.4
2.5,5.8,48.43
2.4,5.9,48.36
2.4,5.9,48.46
2.3,6.0,48.36
2.3,6.0,48.43
2.3,5.8,48.39
2.2,5.8,48.4
2.2,5.8,48.4
2.2,5.7,48.35
2.2,5.7,48.37
2.3,5.7,48.34
2.2,5.7,48.32
2.2,5.8,48.31
2.3,5.7,48.31
2.3,5.7,48.35
2.3,5.6,48.21
2.4,5.6,48.22
2.3,5.6,48.28
2.4,5.5,48.19
2.5,5.5,48.17
2.6,5.4,48.21
2.5,5.5,48.2
2.6,5.5,48.16
2.7,5.4,48.18
2.7,5.3,43.24
2.8,5.3,42.6
2.9,5.3,42.59
2.8,5.3,28.79
2.9,5.2,24.85
2.9,5.1,13.85
2.8,5.0,13.08
2.5,5.2,13.11
2.2,5.6,13.15
2.1,5.9,0.24
1.9,6.9,0.04
1.9,7.9,0.07
2.0,9.5,0.05
1.9,10.7,0.02
2.1,12.7,0.04
2.2,13.8,0.03
2.3,14.7,0.03
2.5,14.3,0.03
2.6,13.3,0.02
2.6,11.7,0.03
2.6,11.4,0.05
2.6,11.0,5.99
2.5,9.4,17.69
3.0,8.4,19.56
3.6,7.1,33.13
4.3,6.6,40.39
4.4,6.3,45.1
4.4,6.3,46.02
4.3,6.3,46.04
4.1,6.3,45.95
4.0,6.1,45.99
3.7,6.1,45.96
3.4,6.2,45.97
3.1,6.2,45.96
3.0,6.1,45.98
2.8,6.0,45.98
2.7,6.0,45.97
2.6,6.0,45.99
2.6,6.0,45.92
2.6,6.0,46.0
2.6,6.0,45.98
2.5,6.0,46.05
2.5,6.1,45.94
2.6,6.1,45.98
2.6,6.0,45.95
2.6,6.0,45.98
2.6,6.1,45.95
2.6,6.1,45.99
2.7,6.1,45.97
2.8,6.2,46.03
2.8,6.1,45.96
2.7,6.1,46.01
2.7,6.2,45.99
2.8,6.2,45.96
2.8,6.1,45.94
2.8,6.1,45.97
2.8,6.1,45.93
2.9,6.2,45.92
2.9,6.2,45.89
3.1,6.1,45.88
3.2,6.1,45.9
3.0,6.1,45.84
3.1,6.1,45.9
3.2,6.0,45.85
3.2,5.9,45.89
3.3,5.9,45.64
3.3,5.9,45.65
3.4,6.0,45.63
3.7,6.0,45.73
3.8,5.9,45.07
3.7,5.9,31.58
3.7,5.9,13.94
3.7,5.3,0.04
3.4,5.0,0.2
3.0,5.1,0.15
2.6,4.4,0.13
2.3,5.2,0.04
1.9,6.1,0.27
2.1,5.9,0.07
2.1,5.8,0.05
1.7,7.6,0.15
1.9,16.7,0.16
2.1,21.3,0.06
2.2,23.8,0.03
2.2,24.7,0.14
2.2,25.0,0.03
2.2,24.0,0.04
2.5,22.2,0.03
3.2,20.8,0.03
3.4,19.3,0.1
4.4,17.0,0.05
5.9,13.7,2.03
8.2,11.9,41.85
10.3,10.1,46.97
10.6,9.9,68.23
9.8,10.6,75.06
8.3,11.4,75.05
7.1,14.0,74.99
5.7,15.6,62.31
5.3,17.7,49.57
4.8,17.7,44.72
4.7,17.8,44.33
4.7,17.4,44.37
4.7,16.8,37.93
4.8,15.4,31.89
4.4,14.4,29.67
4.8,13.6,29.51
5.0,13.3,29.55
5.7,12.5,29.74
6.2,12.0,29.69
6.4,10.9,36.22
7.2,10.4,45.18
7.6,10.1,48.31
7.3,10.1,48.34
6.9,10.2,48.29
6.6,10.4,48.3
6.4,10.6,48.33
6.0,10.6,48.27
6.0,10.7,48.26
5.6,10.8,48.33
5.1,10.8,48.23
4.7,11.0,48.31
4.7,11.0,48.27
4.3,10.8,48.24
3.9,10.8,48.27
3.3,10.9,48.27
3.1,11.1,48.3
2.7,11.0,48.25
2.7,11.1,48.15
2.5,11.3,48.28
2.2,11.3,48.25
2.1,11.3,48.22
2.2,11.1,48.24
2.1,11.1,46.42
2.1,11.2,42.57
2.1,11.3,42.53
2.1,11.4,42.6
2.3,11.3,42.55
2.3,11.5,39.99
2.0,11.6,39.58
2.0,11.4,35.9
2.1,11.0,35.77
2.1,10.3,35.78
2.0,9.8,35.84
2.0,9.5,35.86
2.0,9.3,35.89
1.9,9.0,32.77
2.1,8.5,30.34
2.0,8.0,30.33
1.8,7.4,30.33
1.8,7.1,30.38
1.9,6.6,30.33
1.8,5.8,30.35
1.8,5.3,30.35
1.8,4.8,30.38
1.7,4.9,41.67
1.7,5.0,47.98
1.9,4.9,47.96
1.8,5.0,48.04
1.7,5.2,47.89
1.8,5.4,47.65
1.8,5.5,39.83
1.9,5.7,39.88
1.9,5.7,39.82
1.7,5.9,39.86
1.8,6.2,39.82
1.9,6.3,39.8
1.9,6.2,39.05
1.9,6.4,29.39
1.9,6.6,23.11
1.8,7.1,16.58
1.8,7.7,15.91
2.0,8.3,15.72
2.1,9.8,15.79
2.0,11.2,15.82
2.1,13.1,15.79
2.2,14.4,15.78
2.2,16.6,15.91
2.2,17.9,15.91
2.3,19.4,15.77
2.3,19.8,15.8
2.3,20.6,15.74
2.5,20.4,15.73
2.3,18.0,15.81
2.4,17.0,15.77
2.5,18.5,15.8
2.5,17.4,15.76
2.4,16.1,15.79
2.4,16.5,15.77
2.4,14.3,15.87
2.4,11.7,31.2
2.5,5.9,45.84
2.5,5.1,45.83
2.3,5.0,45.78
2.3,5.2,45.87
2.3,5.3,48.02
2.3,5.5,48.9
2.4,5.8,41.55
2.4,6.0,38.39
2.4,6.3,33.58
2.3,6.8,32.46
2.4,6.5,32.45
2.4,5.4,32.67
2.2,5.0,32.65
2.2,4.5,32.63
2.3,4.6,32.57
2.4,5.0,32.66
2.4,5.2,32.63
2.3,5.8,33.13
2.2,6.0,35.1
2.3,5.7,35.08
2.3,5.7,35.06
2.3,5.4,35.06
2.2,5.3,46.1
2.2,5.2,48.44
2.2,5.2,48.52
2.3,5.2,48.86
2.3,5.2,48.97
2.2,5.1,48.8
2.2,5.1,48.76
2.3,5.1,48.76
2.3,5.1,48.68
2.4,5.1,48.45
2.3,5.1,44.89
2.3,5.2,32.83
2.3,5.2,27.69
2.4,5.1,20.88
2.3,5.1,20.87
2.1,5.3,20.91
2.0,5.3,21.01
1.9,4.7,6.49
1.9,4.6,0.25
1.9,5.0,0.04
1.8,5.8,0.11
1.9,5.8,0.09
2.1,7.8,22.61
2.1,11.0,37.63
2.1,13.8,37.68
2.1,14.5,37.67
2.1,15.5,37.7
2.2,15.8,37.65
2.2,16.6,37.69
2.3,17.2,37.66
2.1,17.7,37.6
2.1,18.2,37.52
2.2,19.0,37.33
2.2,19.4,34.61
2.1,19.7,34.54
2.1,19.9,34.32
2.2,19.9,29.81
2.2,19.9,29.87
2.2,20.2,29.83
2.2,20.4,29.88
2.2,20.4,29.84
2.4,19.9,29.89
2.4,19.1,29.87
2.4,18.2,20.4
2.6,17.5,18.02
2.9,15.5,18.04
3.5,13.7,21.95
4.1,11.3,31.37
4.7,10.1,40.07
5.0,9.5,40.18
5.2,9.5,40.16
5.5,9.4,40.2
5.8,9.3,40.21
5.8,9.3,40.14
6.1,9.2,40.14
6.3,9.1,40.23
6.4,9.0,40.19
6.5,8.9,43.97
6.6,8.8,58.33
6.6,8.9,58.38
6.5,8.9,58.37
6.4,8.7,58.32
6.3,8.9,52.29
6.1,8.9,41.51
6.0,8.9,38.63
6.1,8.6,38.65
6.1,8.4,37.62
6.3,8.2,37.72
6.5,7.8,41.9
6.7,7.6,55.83
6.6,7.4,56.19
6.2,7.4,62.69
5.7,7.4,63.37
4.3,7.6,63.36
3.8,7.7,63.36
2.9,7.6,63.39
2.6,7.8,62.37
2.3,7.9,56.23
2.3,8.0,55.41
2.3,7.9,55.41
2.3,7.9,55.51
2.3,7.8,55.47
2.3,7.8,55.44
2.3,7.7,55.48
2.3,7.5,55.49
2.4,7.4,55.46
2.2,7.4,55.44
2.2,7.4,55.48
2.3,7.3,55.49
2.2,7.2,55.46
2.2,7.1,55.46
2.2,7.0,55.49
2.2,7.0,55.5
2.3,6.9,55.45
2.3,6.8,55.46
2.2,6.8,55.44
2.2,6.9,55.43
2.3,6.7,55.44
2.3,6.6,55.41
2.2,6.4,47.81
2.3,6.3,47.73
2.3,6.2,47.82
2.3,6.2,47.76
2.4,6.1,47.88
2.4,5.9,47.82
2.3,5.9,47.76
2.4,5.8,47.74
2.5,5.6,47.65
2.5,5.5,47.72
2.5,5.5,47.75
2.5,5.4,47.71
2.6,5.4,47.61
2.6,5.4,45.31
2.7,5.3,27.9
2.7,5.2,22.11
2.5,5.2,6.32
2.4,5.5,5.3
2.1,5.7,5.53
2.0,6.7,5.35
1.8,7.5,5.39
1.9,9.0,5.36
1.9,10.1,5.46
2.0,11.8,5.33
2.3,12.7,5.41
2.2,13.7,5.35
2.4,13.8,5.43
2.5,12.9,5.36
2.6,11.7,5.37
2.6,10.2,5.36
2.7,9.6,5.78
3.2,8.6,32.89
4.4,7.2,51.42
4.7,6.7,52.26
4.6,6.7,55.65
4.4,6.8,55.93
4.3,6.8,55.94
4.2,6.7,55.93
4.3,6.6,55.96
4.1,6.6,55.84
3.8,6.6,55.86
3.6,6.7,55.83
3.5,6.7,55.72
3.2,6.6,55.69
3.1,6.6,55.72
2.9,6.6,55.69
2.8,6.5,55.7
2.7,6.4,55.66
2.8,6.3,55.72
2.7,6.1,55.81
2.6,6.1,55.68
2.6,6.2,55.75
2.6,6.1,55.7
2.6,6.1,55.7
2.6,6.1,55.7
2.7,6.2,55.7
2.6,6.2,55.72
2.6,6.2,55.74
2.7,6.1,55.68
2.6,6.1,55.75
2.7,6.2,55.69
2.7,6.2,55.69
2.7,6.2,55.71
2.8,6.1,55.72
2.9,6.1,55.34
2.7,6.2,55.41
2.8,6.2,55.33
2.9,6.3,55.31
2.9,6.2,55.35
2.9,6.3,55.24
2.9,6.2,55.21
3.0,6.3,50.99
3.1,6.3,50.9
3.2,6.2,45.29
3.3,6.1,42.93
3.2,6.2,42.96
3.2,6.1,38.18
3.4,6.0,31.81
3.3,5.8,25.68
3.3,5.5,21.7
3.2,5.0,12.44
3.0,4.8,0.05
2.9,4.8,0.03
2.5,4.6,0.07
2.2,4.2,0.03
1.8,5.0,0.09
1.9,5.5,0.03
2.0,5.8,0.04
2.2,10.3,0.06
2.3,15.2,0.2
2.1,17.7,0.05
2.1,18.9,0.16
2.4,19.4,6.53
2.4,19.4,6.48
2.3,18.1,6.57
3.0,16.8,6.59
3.8,15.8,20.13
5.0,14.3,34.28
6.0,13.5,44.35
6.3,13.2,44.55
5.7,13.5,44.51
5.5,13.9,44.49
5.6,14.2,44.47
5.4,14.6,44.56
5.1,14.7,44.5
4.9,15.2,44.53
5.0,15.6,44.5
4.9,16.1,44.5
5.1,16.6,44.49
4.5,17.3,44.51
4.4,17.7,44.5
4.6,18.0,44.58
4.5,17.9,44.59
4.1,17.3,44.52
4.0,16.8,40.74
4.0,15.3,34.02
3.9,14.5,33.1
4.4,13.8,33.08
4.8,13.7,33.08
4.7,12.9,38.57
5.1,12.5,40.92
5.4,12.2,46.13
5.3,12.3,46.1
5.0,12.5,46.09
4.8,12.7,46.16
4.5,12.9,46.09
4.2,13.1,46.06
4.3,13.0,46.05
3.9,13.3,46.08
3.4,13.4,46.07
3.2,13.8,46.06
3.0,14.0,46.05
2.9,14.2,46.08
2.7,14.4,46.06
2.3,14.6,46.05
2.2,14.9,44.03
2.3,15.2,39.63
2.4,15.3,38.79
2.4,15.0,35.92
2.1,14.8,32.98
2.1,14.2,33.0
2.1,13.7,31.31
2.2,13.0,29.91
2.3,13.0,29.89
1.9,11.7,29.93
1.9,11.2,30.28
2.0,10.2,30.36
2.0,9.6,30.25
2.2,8.6,30.31
1.9,8.1,30.28
1.9,7.6,36.8
2.0,7.1,47.05
2.0,6.9,49.64
2.1,7.2,49.55
1.9,7.4,49.53
1.8,7.7,49.38
1.8,7.9,42.53
2.0,8.3,42.51
2.0,8.4,38.96
1.8,8.5,31.77
1.8,8.5,17.78
2.0,8.2,10.26
1.9,7.5,10.19
1.9,6.8,10.19
1.9,6.5,10.21
1.8,5.7,10.28
1.8,5.3,10.25
1.9,5.2,10.26
2.0,5.6,10.31
1.8,5.8,11.69
1.9,6.3,38.34
2.0,6.8,38.7
2.0,6.9,38.6
2.1,7.2,38.6
2.1,7.7,38.6
2.0,8.2,37.89
2.0,8.6,37.9
2.1,8.8,37.86
2.1,9.5,37.9
2.1,10.0,37.87
2.1,10.7,33.04
2.1,11.3,19.27
2.2,12.2,7.65
2.3,13.3,5.05
2.2,14.9,5.04
2.3,15.5,5.1
2.4,15.4,5.36
2.5,14.7,5.4
2.5,12.7,5.44
2.5,12.9,5.56
2.5,11.8,5.45
2.6,11.6,5.46
2.9,9.0,5.38
3.8,5.8,5.48
4.7,4.5,11.77
6.9,4.3,32.1
8.5,4.0,47.06
8.7,3.9,56.11
8.6,3.9,58.75
8.2,3.9,58.8
7.8,3.9,58.72
6.9,3.9,58.72
6.4,3.9,58.75
5.4,3.9,58.7
4.5,4.0,58.58
3.6,4.1,58.59
3.1,4.2,58.58
2.8,4.3,58.59
2.6,4.5,58.6
2.6,4.7,58.61
2.6,4.9,58.6
2.7,5.1,58.58
2.6,5.2,58.59
2.5,5.4,58.6
2.5,5.5,58.6
2.6,5.5,58.62
2.6,5.6,58.59
2.5,5.6,58.62
2.5,5.6,58.57
2.5,5.7,58.62
2.6,5.8,58.58
2.7,5.8,58.58
2.7,5.8,58.59
2.6,5.9,57.7
2.7,6.0,57.76
2.8,6.0,51.83
2.9,6.0,51.83
2.8,6.0,51.84
2.9,6.0,51.82
3.0,6.0,43.14
3.1,6.1,32.71
3.2,6.0,29.05
3.0,5.8,15.41
2.9,5.7,7.1
2.8,5.5,7.07
2.6,5.5,2.25
2.4,4.5,0.85
2.1,4.7,1.03
2.0,6.0,0.06
1.8,5.9,0.02
2.0,7.2,0.05
2.1,9.5,0.04
2.1,16.9,0.03
2.1,17.9,0.06
2.2,18.0,0.14
2.2,16.6,0.06
2.2,14.9,0.05
2.8,13.0,0.64
3.6,11.6,16.43
5.2,9.7,31.15
6.0,8.9,47.52
6.4,8.4,50.04
6.5,8.4,50.29
6.6,8.3,50.28
6.6,8.1,50.27
6.7,8.0,50.22
6.7,8.0,52.07
6.7,7.9,57.96
6.6,7.9,58.02
6.5,7.9,57.76
6.5,7.7,48.07
6.5,7.6,38.99
6.8,7.8,38.85
7.0,7.7,39.11
7.4,7.5,41.11
7.6,7.6,46.45
7.7,7.7,46.51
7.7,7.8,46.42
7.7,7.8,46.36
7.8,7.7,44.69
7.7,7.8,42.68
7.6,7.9,40.79
7.7,7.9,40.77
7.7,7.7,40.76
7.7,7.6,39.76
8.0,7.6,38.58
8.2,7.2,31.73
9.0,6.9,31.82
10.0,6.2,31.83
11.3,5.9,31.74
12.0,5.5,36.6
13.5,5.3,52.34
14.3,5.1,59.08
14.5,4.9,76.63
13.9,5.1,88.96
10.8,5.5,95.67
7.2,6.3,96.06
2.6,7.1,76.38
2.6,8.8,56.57
2.7,9.4,51.55
2.5,9.6,47.08
2.5,9.8,47.04
2.6,9.7,43.25
2.6,9.9,39.59
2.5,10.1,35.98
2.5,9.8,35.94
2.5,9.4,35.96
2.4,8.8,36.07
2.5,8.5,36.23
2.4,8.3,42.38
2.4,8.2,47.9
2.5,8.2,48.57
2.5,8.2,48.53
2.5,8.1,48.52
2.5,8.1,48.47
2.5,7.8,48.59
2.6,7.9,48.54
2.7,7.9,55.84
2.7,7.8,58.7
2.7,7.9,58.71
2.7,8.0,58.55
2.9,7.9,49.48
2.9,7.8,39.59
2.8,7.7,30.3
2.9,7.4,30.27
2.9,6.8,30.25
2.9,6.3,30.27
2.8,5.7,30.34
2.7,5.3,30.33
2.6,5.2,22.74
2.5,5.3,21.8
2.5,5.4,21.87
2.3,5.7,21.82
2.1,6.0,21.88
1.9,6.5,21.85
2.0,7.0,21.84
1.9,8.2,19.47
1.9,8.9,19.33
1.9,10.2,17.78
1.9,11.3,13.55
2.1,13.5,13.5
2.1,14.8,10.66
2.1,16.9,8.75
2.2,18.2,7.17
2.3,19.5,7.11
2.5,19.1,7.13
2.4,17.8,6.14
2.5,15.9,6.15
2.5,14.6,6.22
2.5,14.9,6.36
2.6,13.7,6.14
2.6,11.5,6.18
2.5,10.4,7.85
3.1,8.1,34.86
3.8,7.0,45.65
3.9,6.7,50.52
3.6,6.8,51.49
3.5,6.8,51.47
3.1,6.9,51.45
3.1,7.0,51.49
2.8,6.8,51.44
2.6,6.9,51.48
2.5,6.9,51.46
2.5,6.9,51.45
2.5,6.8,51.48
2.4,6.8,51.44
2.4,6.8,51.52
2.4,6.8,51.42
2.4,6.9,51.51
2.5,6.9,51.47
2.5,6.8,51.45
2.5,6.7,51.41
2.5,6.7,51.4
2.6,6.6,51.44
2.6,6.5,51.4
2.4,6.5,51.46
2.5,6.5,51.37
2.5,6.4,51.42
2.6,6.2,51.43
2.6,6.2,51.4
2.5,6.1,51.38
2.6,6.1,51.39
2.6,6.1,51.35
2.7,5.9,51.41
2.6,5.8,51.4
2.6,5.8,51.43
2.6,5.7,51.38
2.7,5.6,51.4
2.8,5.5,51.36
2.7,5.5,51.42
2.7,5.4,51.42
2.8,5.5,51.4
2.9,5.3,43.42
3.0,5.2,31.8
2.9,5.2,31.76
2.7,4.8,31.68
2.7,4.7,31.6
2.6,4.8,31.68
2.7,4.9,28.82
2.4,5.0,22.75
2.2,4.8,2.38
2.2,4.3,2.19
2.0,5.1,2.23
1.8,5.8,2.25
1.8,5.8,2.23
1.9,8.1,2.33
2.1,13.3,2.28
2.4,18.9,6.74
2.4,19.5,30.93
2.0,20.4,45.97
2.0,21.1,45.99
2.2,22.2,46.05
2.2,23.2,45.96
2.1,24.2,55.39
2.1,25.7,66.35
2.1,27.5,5.9
2.1,28.9,0.2
2.5,28.3,0.05
2.7,26.3,0.09
2.8,23.7,0.04
4.3,18.8,0.07
5.8,15.7,29.86
7.5,12.6,49.63
8.6,11.7,55.61
8.6,11.6,55.6
8.5,11.4,55.62
8.8,10.9,55.58
8.9,10.4,55.41
8.5,10.0,55.39
8.6,9.7,55.41
8.9,9.3,55.36
9.2,9.0,55.38
9.4,8.8,55.42
9.6,8.8,55.38
9.7,8.6,55.4
10.0,8.6,55.4
10.4,8.3,55.4
10.6,8.2,55.49
10.3,8.3,55.4
10.4,8.2,55.4
10.6,8.2,55.41
10.5,8.1,55.47
10.7,7.9,55.4
11.2,7.7,55.4
11.4,7.7,61.85
11.8,7.6,61.91
11.9,7.2,61.9
11.7,7.2,61.93
11.1,7.4,61.93
10.9,7.6,61.91
10.0,7.5,61.9
9.4,7.8,61.9
8.2,7.8,61.9
7.6,8.0,61.9
6.4,8.3,61.97
5.8,8.5,61.9
4.2,8.5,61.89
3.2,8.9,61.88
2.5,9.0,61.92
2.4,9.1,61.89
2.3,9.5,61.87
2.3,9.6,61.89
2.3,9.8,61.89
2.2,9.9,58.65
2.2,10.0,57.27
2.3,9.8,57.24
2.1,9.6,57.26
2.1,9.6,57.34
2.2,9.5,57.26
2.2,9.5,57.27
2.2,9.5,57.28
2.2,9.3,57.28
2.1,9.3,57.27
2.2,9.4,57.24
2.3,9.2,57.23
2.3,8.9,57.12
2.2,9.0,57.12
2.2,9.1,57.11
2.4,9.0,57.07
2.4,9.0,57.06
2.5,9.0,52.5
2.6,8.9,52.47
2.5,8.7,51.83
2.6,8.7,46.92
2.8,8.4,46.78
2.9,8.4,46.84
2.7,8.4,44.27
2.8,8.3,37.85
3.0,8.1,35.22
3.0,7.6,35.15
2.9,7.1,19.01
2.8,6.4,15.1
2.4,6.1,10.43
2.1,6.8,5.77
2.0,6.7,4.81
1.8,7.5,4.82
1.8,8.7,4.83
2.0,10.8,4.77
2.1,11.9,4.81
2.2,14.0,4.89
2.2,15.2,4.79
2.2,16.5,4.86
2.4,16.7,5.0
2.4,16.7,5.14
2.5,16.0,5.04
2.5,13.3,7.43
2.4,13.4,14.98
2.5,12.9,40.9
2.6,11.9,43.22
2.6,12.2,45.22
2.5,12.8,45.91
2.4,13.1,45.89
2.5,13.0,45.88
2.5,12.8,45.95
2.5,12.7,45.88
2.5,12.6,45.84
2.4,12.1,45.8
2.5,11.6,37.77
2.5,10.1,30.27
2.5,8.1,22.1
2.4,5.4,22.01
2.4,5.3,22.14
2.5,5.8,22.27
2.4,5.4,22.77
2.4,4.4,30.07
2.5,4.2,43.26
2.7,4.4,59.15
2.5,4.5,66.48
2.3,4.8,70.91
2.3,5.0,70.92
2.3,5.3,70.85
2.4,5.7,59.89
2.5,6.0,55.79
2.5,6.3,55.81
2.4,6.6,55.82
2.4,6.8,55.82
2.5,6.9,55.85
2.5,6.9,55.83
2.5,6.8,55.82
2.5,6.7,55.81
2.5,6.6,55.83
2.6,6.6,55.84
2.6,6.5,56.08
2.5,6.4,56.16
2.6,6.4,56.16
2.7,6.4,56.18
2.7,6.3,56.13
2.7,6.3,56.14
2.7,6.3,56.15
2.8,6.3,56.12
2.9,6.3,56.18
2.9,6.2,56.16
3.0,6.3,56.17
3.0,6.3,56.18
3.1,6.4,56.03
3.3,6.4,56.0
3.4,6.5,56.03
3.3,6.6,55.97
3.4,6.7,55.45
3.5,6.7,52.42
3.6,6.9,50.88
3.7,7.0,50.42
3.8,7.2,40.88
4.0,7.3,18.09
4.2,7.6,0.61
3.9,7.6,0.03
3.3,5.0,0.03
2.8,6.3,0.06
2.6,12.4,0.11
2.1,8.1,0.04
2.0,10.5,0.08
2.0,22.6,0.03
2.1,49.2,0.03
2.1,55.2,0.03
2.2,57.1,0.03
2.1,55.9,0.04
2.0,50.8,0.03
2.0,47.0,0.03
2.1,48.8,0.05
2.1,52.5,0.04
2.0,54.5,0.08
